Id,firstName,lastName,email,Company,City,Country,,,
1,Sheryl,Baxter,zunigavanessa@smith.info,Rasmussen Group,East Leonard,Chile,,,
2,Preston,Lozano,vmata@colon.com,Vega-Gentry,East Jimmychester,Djibouti,,,
3,Roy,Berry,beckycarr@hogan.com,Murillo-Perry,Isabelborough,Antigua and Barbuda,,,
4,Linda,Olsen,stanleyblackwell@benson.org,"Dominguez, Mcmillan and Donovan",Bensonview,Dominican Republic,,,
5,Joanna,Bender,colinalvarado@miles.net,"Martin, Lang and Andrade",West Priscilla,Slovakia (Slovak Republic),,,
6,Aimee,Downs,louis27@gilbert.com,Steele Group,Chavezborough,Bosnia and Herzegovina,,,
7,Darren,Peck,tgates@cantrell.com,"Lester, Woodard and Mitchell",Lake Ana,Pitcairn Islands,,,
8,Brett,Mullen,asnow@colon.com,"Sanford, Davenport and Giles",Kimport,Bulgaria,,,
9,Sheryl,Meyers,mariokhan@ryan-pope.org,Browning-Simon,Robersonstad,Cyprus,,,
10,Michelle,Gallagher,mdyer@escobar.net,Beck-Hendrix,Elaineberg,Timor-Leste,,,
11,Carl,Schroeder,kirksalas@webb.com,"Oconnell, Meza and Everett",Shannonville,Guernsey,,,
12,Jenna,Dodson,mark42@robbins.com,"Hoffman, Reed and Mcclain",East Andrea,Vietnam,,,
13,Tracey,Mata,alex56@walls.org,Graham-Francis,South Joannamouth,Togo,,,
14,Kristine,Cox,holdenmiranda@clarke.com,Carpenter-Cook,Jodyberg,Sri Lanka,,,
15,Faith,Lutz,cassieparrish@blevins-chapman.net,Carter-Hancock,Burchbury,Singapore,,,
16,Miranda,Beasley,vduncan@parks-hardy.com,Singleton and Sons,Desireeshire,Oman,,,
17,Caroline,Foley,holtgwendolyn@watson-davenport.com,Winters-Mendoza,West Adriennestad,Western Sahara,,,
18,Greg,Mata,jaredjuarez@carroll.org,Valentine LLC,Lake Leslie,Mozambique,,,
19,Clifford,Jacobson,joseph26@jacobson.com,Simon LLC,Harmonview,South Georgia and the South Sandwich Islands,,,
20,Joanna,Kirk,tuckerangie@salazar.net,Mays-Mccormick,Jamesshire,French Polynesia,,,
21,Maxwell,Frye,fgibson@drake-webb.com,Patterson Inc,East Carly,Malta,,,
22,Kiara,Houston,blanchardbob@wallace-shannon.com,"Manning, Hester and Arroyo",South Alvin,Netherlands,,,
23,Colleen,Howard,rsingleton@ryan-cherry.com,Greer and Sons,Brittanyview,Paraguay,,,
24,Janet,Valenzuela,stefanie71@spence.com,Watts-Donaldson,Veronicamouth,Lao People's Democratic Republic,,,
25,Shane,Wilcox,mariah88@santos.com,Tucker LLC,Bryanville,Albania,,,
26,Marcus,Moody,donnamullins@norris-barrett.org,Giles Ltd,Kaitlyntown,Panama,,,
27,Dakota,Poole,stacey67@fields.org,Simmons Group,Michealshire,Belarus,,,
28,Frederick,Harper,jacobkhan@bright.biz,"Hinton, Chaney and Stokes",South Marissatown,Switzerland,,,
29,Stefanie,Fitzpatrick,wterrell@clark.com,Santana-Duran,Acevedoville,Saint Vincent and the Grenadines,,,
30,Kent,Bradshaw,qjimenez@boyd.com,Sawyer PLC,North Harold,Tanzania,,,
31,Jack,Tate,gfigueroa@boone-zavala.com,"Acosta, Petersen and Morrow",West Samuel,Zimbabwe,,,
32,Tom,Trujillo,tapiagreg@beard.info,Mcgee Group,Cunninghamborough,Denmark,,,
33,Gabriel,Mejia,coleolson@jennings.net,Adkins-Salinas,Port Annatown,Liechtenstein,,,
34,Kaitlyn,Santana,georgeross@miles.org,Herrera Group,New Kaitlyn,United States of America,,,
35,Faith,Moon,willistonya@randolph-baker.com,"Waters, Chase and Aguilar",West Marthaburgh,Bahamas,,,
36,Tammie,Haley,harrisisaiah@jenkins.com,"Palmer, Barnes and Houston",East Teresa,Belize,,,
37,Nicholas,Sosa,fwolfe@dorsey.com,Jordan Ltd,South Hunter,Uruguay,,,
38,Jordan,Gay,tiffanydavies@harris-mcfarland.org,Glover and Sons,South Walter,Solomon Islands,,,
39,Bruce,Esparza,preese@frye-vega.com,Huerta-Mclean,Poolefurt,Montenegro,,,
40,Sherry,Garza,ann48@miller.com,Anderson Ltd,West John,Poland,,,
41,Natalie,Gentry,tcummings@fitzpatrick-ashley.com,Monroe PLC,West Darius,Dominican Republic,,,
42,Bryan,Dunn,woodwardandres@phelps.com,Kaufman and Sons,North Jimstad,Burkina Faso,,,
43,Wayne,Simpson,barbarapittman@holder.com,Perkins-Trevino,East Rebekahborough,Bolivia,,,
44,Luis,Greer,bstuart@williamson-mcclure.com,Cross PLC,North Drew,Bulgaria,,,
45,Rhonda,Frost,zkrueger@wolf-chavez.net,"Herrera, Shepherd and Underwood",Lake Lindaburgh,Monaco,,,
46,Joanne,Montes,juan80@henson.net,"Price, Sexton and Mcdaniel",Gwendolynview,Palau,,,
47,Geoffrey,Guzman,bauercrystal@gay.com,Short-Wiggins,Zimmermanland,Uzbekistan,,,
48,Gloria,Mccall,bartlettjenna@zuniga-moss.biz,"Brennan, Acosta and Ramos",North Kerriton,Ghana,,,
49,Brady,Cohen,mccalltyrone@durham-rose.biz,Osborne-Erickson,North Eileenville,United Arab Emirates,,,
50,Latoya,Mccann,bobhammond@barry.biz,"Hobbs, Garrett and Sanford",Port Sergiofort,Belarus,,,
51,Gerald,Hawkins,uwarner@steele-arias.com,"Phelps, Forbes and Koch",New Alberttown,Canada,,,
52,Samuel,Crawford,xpittman@ritter-carney.net,"May, Goodwin and Martin",South Jasmine,Algeria,,,
53,Patricia,Goodwin,vaughanchristy@lara.biz,"Christian, Winters and Ellis",Cowanfort,Swaziland,,,
54,Stacie,Richard,clinton85@colon-arias.org,Byrd Inc,New Deborah,Madagascar,,,
55,Robin,West,greenemiranda@zimmerman.com,"Nixon, Blackwell and Sosa",Wallstown,Ecuador,,,
56,Ralph,Haas,goodmancesar@figueroa.biz,Montes PLC,Lake Ellenchester,Palestinian Territory,,,
57,Phyllis,Maldonado,yhanson@warner-diaz.org,Costa PLC,Lake Whitney,Saint Barthelemy,,,
58,Danny,Parrish,howelldarren@house-cohen.com,Novak LLC,East Jaredbury,United Arab Emirates,,,
59,Kathy,Hill,ncamacho@boone-simmons.org,"Moore, Mccoy and Glass",Selenabury,South Georgia and the South Sandwich Islands,,,
60,Kelli,Hardy,kristopher62@oliver.com,Petty Ltd,Huangfort,Sao Tome and Principe,,,
61,Lynn,Pham,mpham@rios-guzman.com,"Brennan, Camacho and Tapia",East Pennyshire,Portugal,,,
62,Shelley,Harris,zachary96@mitchell-bryant.org,"Prince, Malone and Pugh",Port Jasminborough,Togo,,,
63,Eddie,Jimenez,kristiwhitney@bernard.com,Caldwell Group,West Kristine,Ethiopia,,,
64,Chloe,Hutchinson,leah85@sutton-terrell.com,Simon LLC,South Julia,Netherlands,,,
65,Eileen,Lynch,levigiles@vincent.com,"Knight, Abbott and Hubbard",Helenborough,Liberia,,,
66,Fernando,Lambert,fisherlinda@schaefer.net,Church-Banks,Lake Nancy,Lithuania,,,
67,Makayla,Cannon,scottcurtis@hurley.biz,Henderson Inc,Georgeport,New Caledonia,,,
68,Tom,Alvarado,nicholsonnina@montgomery.info,Donaldson-Dougherty,South Sophiaberg,Kiribati,,,
69,Virginia,Dudley,zvalencia@phelps.com,Warren Ltd,Hartbury,French Southern Territories,,,
70,Riley,Good,alex06@galloway.com,Wade PLC,Erikaville,Canada,,,
71,Alexandria,Buck,lee48@manning.com,Keller-Coffey,Nicolasfort,Iran,,,
72,Richard,Roth,aharper@maddox-townsend.org,Conway-Mcbride,New Jasmineshire,Morocco,,,
73,Candice,Keller,buckleycory@odonnell.net,Huynh and Sons,East Summerstad,Zimbabwe,,,
74,Anita,Benson,angie04@oconnell.com,Parrish Ltd,Skinnerport,Russian Federation,,,
75,Regina,Stein,zrosario@rojas-hardin.net,Guzman-Brown,Raystad,Solomon Islands,,,
76,Debra,Riddle,shieldskerry@robles.com,"Chang, Aguirre and Leblanc",Colinhaven,United States Virgin Islands,,,
77,Brittany,Zuniga,mchandler@cochran-huerta.org,Mason-Hester,West Reginald,Kyrgyz Republic,,,
78,Cassidy,Mcmahon,katrinalane@fitzgerald.com,"Mcguire, Huynh and Hopkins",Lake Sherryborough,Myanmar,,,
79,Laurie,Pennington,cookejill@powell.com,"Sanchez, Marsh and Hale",Port Katherineville,Dominica,,,
80,Alejandro,Blair,elizabethbarr@ewing.com,"Combs, Waller and Durham",Thomasland,Iceland,,,
81,Leslie,Jennings,corey75@wiggins.com,Blankenship-Arias,Coreybury,Micronesia,,,
82,Kathleen,Mckay,chloelester@higgins-wilkinson.com,"Coffey, Lamb and Johnson",Lake Janiceton,Saint Vincent and the Grenadines,,,
83,Hunter,Moreno,isaac26@benton-finley.com,Fitzpatrick-Lawrence,East Clinton,Isle of Man,,,
84,Chad,Davidson,justinwalters@jimenez.com,Garcia-Jimenez,South Joshuashire,Oman,,,
85,Corey,Holt,maurice46@morgan.com,"Mcdonald, Bird and Ramirez",New Glenda,Fiji,,,
86,Emma,Cunningham,walter83@juarez.org,Stephens Inc,North Jillianview,New Zealand,,,
87,Duane,Woods,kmercer@wagner.com,Montoya-Miller,Lyonsberg,Maldives,,,
88,Alison,Vargas,vcantu@norton.com,"Vaughn, Watts and Leach",East Cristinabury,Benin,,,
89,Vernon,Kane,hilljesse@barrett.info,Carter-Strickland,Thomasfurt,Yemen,,,
90,Lori,Flowers,tyrone77@valenzuela.info,Decker-Mcknight,North Joeburgh,Namibia,,,
91,Nina,Chavez,elliserica@frank.com,Byrd-Campbell,Cassidychester,Bhutan,,,
92,Shane,Foley,nsteele@sparks.com,Rocha-Hart,South Dannymouth,Hungary,,,
93,Collin,Ayers,dudleyemily@gonzales.biz,Lamb-Peterson,South Lonnie,Anguilla,,,
94,Sherry,Young,alan79@gates-mclaughlin.com,"Lee, Lucero and Johnson",Frankchester,Solomon Islands,,,
95,Darrell,Douglas,grayjean@lowery-good.com,"Newton, Petersen and Mathis",Daisyborough,Mali,,,
96,Karl,Greer,hhart@jensen.com,Carey LLC,East Richard,Guyana,,,
97,Lynn,Atkinson,vkemp@ferrell.com,"Ware, Burns and Oneal",New Bradview,Sri Lanka,,,
98,Fred,Guerra,swagner@kane.org,Schmitt-Jones,Ortegaland,Solomon Islands,,,
99,Yvonne,Farmer,mccarthystephen@horn-green.biz,Fitzgerald-Harrell,Lake Elijahview,Aruba,,,
100,Clarence,Haynes,colleen91@faulkner.biz,"Le, Nash and Cross",Judymouth,Honduras,,,
